{
    "camera_transforms": {
        "location": {
            "x_pos_vals": [
                1.9182803630828857,
                2.6765387058258057,
                0.07960791140794754,
                2.4282913208007812,
                2.8716392517089844,
                2.421384811401367,
                2.4882140159606934,
                0.6836948394775391,
                1.9070533514022827,
                1.944106101989746
            ],
            "y_pos_vals": [
                -9.624838829040527,
                -8.695917129516602,
                -7.017435073852539,
                -9.902518272399902,
                -4.9510817527771,
                0.9459767937660217,
                -0.7222037315368652,
                -5.659180641174316,
                -4.527517318725586,
                -0.8630349040031433
            ],
            "z_pos_vals": [
                2.750293254852295,
                4.2192182540893555,
                6.498844146728516,
                8.058192253112793,
                0.9274584054946899,
                5.36228084564209,
                8.617069244384766,
                0.797919750213623,
                3.7018096446990967,
                1.7113864421844482
            ]
        },
        "rotation_euler": {
            "x_rot_vals": [
                20.08896604721984,
                2.6817497669833887,
                49.0447334107885,
                62.83254259015893,
                8.704473332986998,
                87.5804216513795,
                51.96169205434209,
                20.95118009973828,
                18.85563195860147,
                65.62141128111269
            ],
            "y_rot_vals": [
                8.101183214167282,
                2.4050176091277407,
                2.4248469289487566,
                3.7427558349648122,
                9.322438113238485,
                4.163877978431119,
                7.750289929520693,
                1.1110156458671991,
                2.936756160306284,
                1.797427459338678
            ],
            "z_rot_vals": [
                60.9029526779278,
                45.481973551021035,
                53.03391222572362,
                13.993154547898632,
                54.335343300367015,
                49.683656626508174,
                4.124194579353344,
                25.017623722111875,
                84.29891190616023,
                34.15099024629336
            ]
        }
    },
    "geometry": {
        "Values Geometry NodesRandomConeDepth": [
            22.904808044433594,
            31.467788696289062,
            56.13681411743164,
            50.95262908935547,
            6.352770805358887,
            72.07218170166016,
            45.372371673583984,
            87.0518569946289,
            77.8626480102539,
            83.16654968261719
        ]
    },
    "materials": {
        "Values MaterialRandomMetallic": [
            784.5419311523438,
            290.6183776855469,
            565.8182373046875,
            667.99267578125,
            219.08065795898438,
            487.9460754394531,
            405.3723449707031,
            930.9390258789062,
            933.7302856445312,
            986.7779541015625
        ]
    },
    "user_defined_props": {
        "bpy.data.objects[\"Cube\"].collision.absorption": [
            0.4446146786212921,
            0.04573221877217293,
            0.47602808475494385,
            0.3353799283504486,
            0.5373522043228149,
            0.05860857665538788,
            0.6669960021972656,
            0.5307109951972961,
            0.574089765548706,
            0.3388606309890747
        ],
        "bpy.data.cameras[\"Camera\"].dof.aperture_fstop": [
            0.007735759951174259,
            0.10195641964673996,
            0.08223489671945572,
            0.7809648513793945,
            0.6912512183189392,
            0.6532692909240723,
            0.6914823651313782,
            0.09227339923381805,
            0.25094184279441833,
            0.7404601573944092
        ]
    }
}
