{
    "location_str": "location",
    "loc_x": [
        0.0,
        0.0,
        0.0,
        0.0,
        0.0
    ],
    "loc_y": [
        0.0,
        0.0,
        0.0,
        0.0,
        0.0
    ],
    "loc_z": [
        0.0,
        0.0,
        0.0,
        0.0,
        0.0
    ],
    "rotation_str": "rotation_euler",
    "rot_x": [
        0.0,
        0.0,
        0.0,
        0.0,
        0.0
    ],
    "rot_y": [
        0.0,
        0.0,
        0.0,
        0.0,
        0.0
    ],
    "rot_z": [
        0.0,
        0.0,
        0.0,
        0.0,
        0.0
    ],
    "geometry": {
        "Geometry Nodes": "RandomRadiusBottom",
        "Values Geometry NodesRandomConeDepth": [
            4.3176188468933105,
            3.5427377223968506,
            4.958093166351318,
            4.505470275878906,
            2.597602128982544
        ],
        "Values Geometry NodesRandomRadiusBottom": [
            3.116457462310791,
            4.815263748168945,
            3.1575160026550293,
            4.787797927856445,
            1.8471927642822266
        ],
        "NodeGroup": "RandomRadiusBottom.001",
        "Values NodeGroupRandomConeDepth.001": [
            1.9204589128494263,
            4.742056846618652,
            4.9366607666015625,
            2.7725229263305664,
            2.604161262512207
        ],
        "Values NodeGroupRandomRadiusBottom.001": [
            2.18683123588562,
            1.7432998418807983,
            4.738824844360352,
            4.984385967254639,
            4.94893217086792
        ],
        "Geometry Nodes.001": "RandomSize.001",
        "Values Geometry Nodes.001RandomSize": [
            3.8704488277435303,
            3.5484535694122314,
            1.5923751592636108,
            2.62550950050354,
            4.208940505981445
        ],
        "Values Geometry Nodes.001RandomSize.001": [
            1.9103819131851196,
            1.4613670110702515,
            3.306352138519287,
            2.3208000659942627,
            3.7092716693878174
        ]
    },
    "materials": {
        "Material.001": "RandomMetallic",
        "Values Material.001RandomMetallic": [
            5.443481824970051e+37,
            -1.1216505142336874e+38,
            8.831373888465372e+37,
            3.1167552907329845e+38,
            7.666719392445446e+37
        ],
        "Material": "RandomMetallic.001",
        "Values MaterialRandomMetallic": [
            -1.5340101556445691e+38,
            2.899963713322913e+37,
            1.7250621383230303e+38,
            1.219176452571886e+38,
            -2.606668661598708e+37
        ],
        "Values MaterialRandomMetallic.001": [
            9.999078750610352,
            5.639695644378662,
            3.119572401046753,
            1.2105506658554077,
            6.355851173400879
        ]
    }
}
