{
    "location_str": "location",
    "loc_x": [
        1.3096871376037598,
        1.4009414911270142,
        2.483842611312866,
        4.371367931365967
    ],
    "loc_y": [
        7.854467391967773,
        9.0357084274292,
        7.002984523773193,
        10.346309661865234
    ],
    "loc_z": [
        0.21251334249973297,
        2.3722918033599854,
        2.021068811416626,
        2.8137435913085938
    ],
    "rotation_str": "rotation_euler",
    "rot_x": [
        81.01923265163852,
        47.05193692797807,
        11.376828388210445,
        18.150321011696565
    ],
    "rot_y": [
        89.66272776326294,
        130.02307371986615,
        45.84697544517193,
        52.33506776041542
    ],
    "rot_z": [
        9.018042195140405,
        21.135009518607298,
        9.801311213684542,
        -35.94374414869246
    ],
    "geometry": {
        "Geometry Nodes": "RandomConeDepth",
        "Values Geometry NodesRandomConeDepth": [
            -1.000209688143871e+38,
            4.663368631469119e+37,
            -6.76183997038813e+37,
            1.3767924773705354e+38
        ]
    },
    "materaisl": {
        "Material": "RandomMetallic",
        "Values MaterialRandomMetallic": [
            -2.085837730213041e+38,
            2.467368311850468e+38,
            2.381420181386322e+38,
            -3.216440088749396e+38
        ]
    }
}
