{
    "location_str": "location",
    "loc_x": [
        1.3096871376037598,
        1.4009414911270142,
        2.483842611312866,
        4.371367931365967,
        4.910982608795166
    ],
    "loc_y": [
        7.854467391967773,
        9.0357084274292,
        7.002984523773193,
        10.346309661865234,
        7.447701454162598
    ],
    "loc_z": [
        0.21251334249973297,
        2.3722918033599854,
        2.021068811416626,
        2.8137435913085938,
        -0.36183029413223267
    ],
    "rotation_str": "rotation_euler",
    "rot_x": [
        81.01923265163852,
        47.05193692797807,
        11.376828388210445,
        18.150321011696565,
        1.8089632219600065
    ],
    "rot_y": [
        89.66272776326294,
        130.02307371986615,
        45.84697544517193,
        52.33506776041542,
        49.43990425050334
    ],
    "rot_z": [
        9.018042195140405,
        21.135009518607298,
        9.801311213684542,
        -35.94374414869246,
        -42.130003574323915
    ],
    "geometry": {
        "Geometry Nodes": "RandomRadiusBottom",
        "Values Geometry NodesRandomConeDepth": [
            6.430144786834717,
            4.860475063323975,
            2.0404305458068848,
            6.337416172027588,
            5.5579376220703125
        ],
        "Values Geometry NodesRandomRadiusBottom": [
            2.9591140747070312,
            2.7626450061798096,
            2.8084352016448975,
            1.149288296699524,
            1.3710201978683472
        ],
        "NodeGroup": "RandomRadiusBottom.001",
        "Values NodeGroupRandomConeDepth.001": [
            5.27284049987793,
            5.622115135192871,
            4.592142105102539,
            5.135154724121094,
            5.720201015472412
        ],
        "Values NodeGroupRandomRadiusBottom.001": [
            3.0457277297973633,
            3.238621234893799,
            5.29726505279541,
            4.321393966674805,
            4.665210247039795
        ],
        "Geometry Nodes.001": "RandomSize.001",
        "Values Geometry Nodes.001RandomSize": [
            1.736781358718872,
            1.4263876676559448,
            1.9432194232940674,
            1.0603501796722412,
            1.0765585899353027
        ],
        "Values Geometry Nodes.001RandomSize.001": [
            3.4191014766693115,
            2.0843896865844727,
            3.19797420501709,
            3.2355244159698486,
            2.4861743450164795
        ]
    },
    "materials": {
        "Material.001": "RandomMetallic",
        "Values Material.001RandomMetallic": [
            364.7247314453125,
            651.1554565429688,
            732.2413330078125,
            721.4031372070312,
            359.71429443359375
        ],
        "Material": "RandomMetallic.001",
        "Values MaterialRandomMetallic": [
            67.720458984375,
            85.90186309814453,
            73.513916015625,
            47.22598648071289,
            35.25820541381836
        ],
        "Values MaterialNodeGroup.001RandomMetallic.001": [
            45.32300567626953,
            -22.127113342285156,
            -35.39068603515625,
            20.979341506958008,
            -66.663818359375
        ]
    }
}
