{
    "location_str": "location",
    "loc_x": [
        1.3096871376037598,
        1.4009414911270142,
        2.483842611312866,
        4.371367931365967,
        4.910982608795166
    ],
    "loc_y": [
        7.854467391967773,
        9.0357084274292,
        7.002984523773193,
        10.346309661865234,
        7.447701454162598
    ],
    "loc_z": [
        0.21251334249973297,
        2.3722918033599854,
        2.021068811416626,
        2.8137435913085938,
        -0.36183029413223267
    ],
    "rotation_str": "rotation_euler",
    "rot_x": [
        81.01923265163852,
        47.05193692797807,
        11.376828388210445,
        18.150321011696565,
        1.8089632219600065
    ],
    "rot_y": [
        89.66272776326294,
        130.02307371986615,
        45.84697544517193,
        52.33506776041542,
        49.43990425050334
    ],
    "rot_z": [
        9.018042195140405,
        21.135009518607298,
        9.801311213684542,
        -35.94374414869246,
        -42.130003574323915
    ],
    "geometry": {
        "Values Geometry NodesRandomConeDepth": [
            5.411132335662842,
            6.876126289367676,
            7.709774971008301,
            3.171440601348877,
            7.812701225280762
        ],
        "Values Geometry NodesRandomRadiusBottom": [
            2.4264872074127197,
            1.007479190826416,
            1.901221513748169,
            2.5048718452453613,
            2.0152878761291504
        ],
        "Values NodeGroupRandomConeDepth.001": [
            5.27284049987793,
            5.622115135192871,
            4.592142105102539,
            5.135154724121094,
            5.720201015472412
        ],
        "Values NodeGroupRandomRadiusBottom.001": [
            3.0457277297973633,
            3.238621234893799,
            5.29726505279541,
            4.321393966674805,
            4.665210247039795
        ],
        "Values Geometry Nodes.001RandomSize": [
            1.2338589429855347,
            1.5083882808685303,
            1.7617549896240234,
            1.1498548984527588,
            1.2701352834701538
        ],
        "Values Geometry Nodes.001RandomSize.001": [
            3.8962361812591553,
            3.2267932891845703,
            2.173375368118286,
            2.0162363052368164,
            3.5686941146850586
        ]
    },
    "materials": {
        "Values Material.001RandomMetallic": [
            364.7247314453125,
            651.1554565429688,
            732.2413330078125,
            721.4031372070312,
            359.71429443359375
        ],
        "Values MaterialRandomMetallic": [
            67.720458984375,
            85.90186309814453,
            73.513916015625,
            47.22598648071289,
            35.25820541381836
        ],
        "Values MaterialNodeGroup.001RandomMetallic.001": [
            45.32300567626953,
            -22.127113342285156,
            -35.39068603515625,
            20.979341506958008,
            -66.663818359375
        ]
    }
}
